name,value
test_acc,0.5235223160434258
test_acc_top2,0.7249698431845597
test_precision,0.42113814813207107
test_recall,0.3531725775114296
