name,value
test_acc,0.5922798552472859
test_acc_top2,0.7720144752714113
test_precision,0.5475949292674032
test_recall,0.4456369264159909
