name,value
test_acc,0.548854041013269
test_acc_top2,0.7418576598311218
test_precision,0.4599766887703784
test_recall,0.40806513596518335
