name,value
test_acc,0.5898673100120627
test_acc_top2,0.7659831121833535
test_precision,0.6123227444089656
test_recall,0.3850005391573163
